word,frequency
String,1597
protobuf,1018
com,847
google,845
java,592
org,466
whispersystems,466
bitField0_,457
e,454
account,405
Builder,396
Optional,326
io,324
get,324
IOException,302
textsecuregcm,293
name,277
ByteString,272
value,269
MessageProtos,250
entities,246
device,241
lang,239
input,238
message,228
messages,227
number,215
List,202
SubProtocol,194
metricRegistry,187
Account,187
result,184
logger,183
websocket,176
parseFrom,171
source,165
other,164
extensionRegistry,163
length,162
i,160
ref,160
size,152
uuid,151
destination,144
bytes,143
Timer,142
key,139
config,136
PARSER,133
UUID,132
build,128
Type,120
isPresent,116
onChanged,113
jedis,111
database,110
data,109
getNumber,107
b,105
timer,105
options,104
Object,102
GeneratedMessage,100
InvalidProtocolBufferException,99
ServerCertificate,97
handle,97
Response,96
Envelope,95
newBuilder,93
s,90
meter,90
Base64,90
deviceId,89
mergeFrom,89
accountsManager,89
Exception,89
offset,88
warn,87
bind,85
Certificate,85
unknownFields,83
cacheClient,82
jdbi,82
PubSubMessage,82
Device,81
WebSocketResponseMessage,81
System,80
ExtensionRegistryLite,80
environment,79
json,79
T,77
rateLimiters,77
jedisPool,77
WebSocketMessage,76
getDefaultInstance,76
request,76
Meter,76
response,76
WebSocketRequestMessage,75
getBytes,75
Context,74
headers_,74
SenderCertificate,73
Descriptors,73
builder,71
encoded,71
equals,70
time,70
close,70
Map,68
mark,67
username,67
id,65
RateLimiter,65
code,64
len,63
Util,63
status,63
RateLimitConfiguration,63
accounts,62
output,62
getId,62
empty,61
InputStream,61
isInitialized,60
getType,57
ReplicatedJedisPool,57
NullPointerException,57
buffer,57
AccountsManager,57
to_bitField0_,56
MediaType,56
out,55
register,55
Long,55
mapper,54
Logger,54
remove,54
APPLICATION_JSON,53
LoggerFactory,53
getLogger,53
Jedis,53
timestamp,52
storage,52
PubSubProtos,51
of,51
ignored,51
defaultInstance,50
UnknownFieldSet,50
parsedMessage,50
CodedInputStream,50
getUnknownFields,50
getUuid,49
currentTimeMillis,49
append,48
CodedOutputStream,48
Status,48
isEmpty,48
context,48
MetricRegistry,48
put,48
token,47
from_bitField0_,46
getDescriptor,46
off,46
clear,46
update,46
destOffset,46
ex,45
WebApplicationException,45
pubSubManager,45
execute,43
keys,43
create,43
channel,43
publicKey,43
jersey,43
baos,42
pushSender,42
destinationDevice,42
position,42
getName,42
ProvisioningUuid,42
toString,41
METRICS_NAME,41
EMPTY,41
Constants,41
header,41
done,40
Descriptor,40
FieldAccessorTable,40
SharedMetricRegistries,40
parent,40
WebsocketEvent,40
messagesManager,40
parseDelimitedFrom,40
getClass,40
TimeUnit,40
directoryQueue,39
index,39
toByteArray,39
getOrCreate,39
verificationCode,39
id_,39
add,39
client,39
type_,39
executor,38
outBuff,38
signature,38
srcOffset,38
getMessage,38
fromUuid,38
type,37
address,36
buildPartial,36
accessKey,36
IllegalArgumentException,36
write,36
format,35
now,35
devices,35
resultSet,35
FaultTolerantDatabase,35
parts,35
lineLength,34
Messages,34
isEnabled,34
registrationId,34
StoredVerificationCode,34
bucket,33
RateLimitExceededException,33
body,33
mac,32
encode,32
valueOf,32
validate,32
event,32
getWriteResource,32
set,32
decode,31
accountProfile,31
OutputStream,31
configuration,31
version,31
namespace,31
memoizedIsInitialized,30
maybeForceBuilderInitialization,30
getAuthenticatedDevice,30
getSerializedSize,30
b4,30
bs,30
memoizedSerializedSize,30
Integer,30
OutgoingMessageEntity,30
serialize,30
initFields,30
tag,30
second,29
args,29
LinkedList,29
Pair,29
bucketSize,29
encodeBytes,29
path,28
ObjectMapper,28
info,28
region,28
Arrays,28
credentials,28
guid,28
signedPreKey,28
read,28
run,28
AssertionError,28
credential,28
InvalidKeyException,27
start,27
Key,27
LuaScript,27
inputStream,27
policy,26
signature_,26
retry,26
relay,26
content_,26
certificate_,26
serialized,26
signer_,26
envelope,26
charAt,26
writeNumberField,26
request_,26
buf,26
response_,26
body_,26
object,25
getContent,25
ByteArrayOutputStream,25
ClientContact,25
avatar,25
util,25
first,25
Class,25
hashCode,24
snapshot,24
stop,24
password,24
count,24
sendMessage,24
registrationLock,24
getBody,24
results,24
requestMessage,24
DECODABET,24
MessagesManager,24
RateLimiters,24
Accounts,23
map,23
keyId,23
circuitBreaker,23
lastSeen,23
writeBytes,23
readBytes,23
numSigBytes,22
apnSender,22
profile,22
use,22
apnFallbackManager,22
UID,22
that,22
reply,22
host,22
canonicalRequest,22
signalingKey,22
getTimestamp,22
future,22
getDeviceId,22
privateKey,22
getBucketSize,21
arraycopy,21
orElse,21
getLeakRatePerMinute,21
toMillis,21
VersionedProfile,21
HttpClient,21
getString,21
with,21
online,21
chunkAccounts,21
WebSocketSessionContext,21
FileDescriptor,21
getStatus,21
computeBytesSize,21
SecureRandom,20
headers,20
senderUuid_,20
UNKNOWN,20
uuid_,20
PushSender,20
message_,20
Parser,20
path_,20
identityKey,20
usernames,20
relay_,20
internalGetFieldAccessorTable,20
accountAttributes,20
writeReplace,20
getDefaultInstanceForType,20
requestAccount,20
random,20
setUnfinishedMessage,20
inBuff,20
NO_OPTIONS,20
parsePartialFrom,20
success,20
encode3to4,20
verb_,20
BuilderParent,20
useHandle,20
SignedPreKey,20
bufferLength,20
copyFromUtf8,20
file,20
ALPHABET,20
storedVerificationCode,20
directory,20
writeTo,20
prototype,20
using,20
sender_,20
responseBuilder_,20
toStringUtf8,20
serverGuid_,20
source_,20
pendingAccounts,20
split,20
signerBuilder_,20
sourceUuid_,20
requestBuilder_,20
ensureFieldAccessorsInitialized,20
newBuilderForType,20
pipeline,19
DirectoryQueue,19
createQuery,19
user,19
receiptSender,19
mapTo,19
clazz,19
locale,19
messageFactory,19
apnId,19
DispatchChannel,19
subparser,19
error,19
MessagesCache,19
filter,19
breakLines,18
Set,18
bais,18
createUpdate,18
webSocketEnvironment,18
gzos,18
objectMapper,18
Message,18
JsonProcessingException,18
HashMap,18
getInstance,18
WebsocketAddress,18
configure,18
identifier,18
session,18
PubSubManager,18
getSignature,18
getIdentityKey,18
b64os,18
reason,18
ofNullable,18
Math,18
ApnFallbackManager,18
ApnResult,18
migrations,18
voice,17
capabilities,17
setType,17
running,17
getGcmId,17
leakRatePerMillis,17
asList,17
withHandle,17
pin,17
removeOperation,17
CircuitBreakerConfiguration,17
video,17
PreKey,17
ExternalServiceCredentialGenerator,17
authenticated,17
DisabledPermittedAccount,17
WhisperServerConfiguration,17
getKey,17
getRelay,17
contacts,17
salt,16
CompletableFuture,16
filename,16
pendingDevices,16
ENCODE,16
DAYS,16
SecretKeySpec,16
attachmentId,16
isZkEnabled,16
mutable_bitField0_,16
Throwable,16
certificate,16
requestLog,16
raw,16
targetAccount,16
insert,16
disabledPermittedAccount,16
bis,16
fetchesMessages,16
bos,16
requester,16
tokenValue,16
toBuilder,15
getValue,15
domain,15
PubSubReply,15
ID,15
gcmSender,15
getApnId,15
cache,15
throwable,15
Mac,15
RedisClientFactory,15
getCircuitBreakerConfiguration,15
subBuilder,15
delete,15
copyFrom,15
messagesCache,15
InvalidAuthorizationHeaderException,15
Principal,15
accountDatabase,15
DatabaseConfiguration,15
MessageDigest,14
d,14
o,14
accessSecret,14
VerificationCode,14
priority,14
APNSender,14
getSource,14
statusCode,14
bootstrap,14
verify,14
registrationIds,14
readValue,14
AuthenticationCredentials,14
URI,14
T1,14
T2,14
in,14
syslogConfig,14
readLine,14
date,14
circuitBreakerConfiguration,14
getCdnConfiguration,14
InvalidWebsocketAddressException,14
suspendEncoding,14
attributes,14
PostPolicyGenerator,14
NotPushRegisteredException,14
delayWhileIdle,14
registrationLockSalt,14
unidentifiedAccessKey,14
getDevice,14
decodabet,14
getAvatar,14
EQUALS_SIGN,14
collapseKey,14
zip,14
JsonGenerator,14
HttpRequest,14
acl,14
hasId,14
algorithm,14
spaceRemaining,14
Hex,14
requestId,14
gcmId,14
httpClient,14
userAgent,14
apnsClient,14
forwardedFor,14
status_,13
configurationClass,13
t,13
getDescriptorForType,13
Keys,13
senderDevice_,13
RemoteConfig,13
url,13
getCertificate,13
Jdbi,13
ContainerRequest,13
getDatabase,13
strategy,13
TokenValue,13
UTF_8,13
ByteArrayAdapter,13
serverTimestamp_,13
key_,13
DirectoryManager,13
requestParameters,13
GcmMessage,13
expires_,13
TwilioResponse,13
staleDevices,13
getPath,13
Namespace,13
Profiles,13
port,13
ZonedDateTime,13
StickerPackFormUploadItem,13
remoteAddress,13
sourceDevice_,13
target,13
legacyMessage_,13
CryptoEncodingException,13
identityKey_,13
contact,13
pubSubMessage,13
dest,13
NoSuchUserException,13
AccountController,13
timestamp_,13
liquibase,12
idleTimeoutMillis,12
ttl,12
channelName,12
SQLException,12
NoSuchAlgorithmException,12
Boolean,12
RedisException,12
created,12
luaScript,12
getUrl,12
del,12
Gauge,12
numBytes,12
max,12
uri,12
getDirectoryConfiguration,12
lastUpdateTimeMillis,12
getHeaders,12
CaptchaRequirement,12
registry,12
msg,12
File,12
redisGet,12
LazyStringArrayList,12
content,12
ensureHeadersIsMutable,12
KeyRecord,12
raw3,12
fromResource,12
cached,12
Thread,12
tokenized,12
missingDeviceIds,12
PREFERRED_ENCODING,12
hasType,12
entity,12
hostname,12
WebSocketEnvironment,12
enc4,12
getLastSeen,12
setId,12
ECPrivateKey,12
IncomingMessage,12
ByteArrayInputStream,12
commitment,12
policyGenerator,12
AccountDatabaseCrawlerListener,12
metrics,12
CACHE_PREFIX,12
WebsocketSender,12
rem,12
DirectoryReconciliationRequest,12
theByte,12
remoteConfigs,12
principalClass,12
PendingAccounts,12
policySigner,12
dispatchManager,12
unrestrictedUnidentifiedAccess,12
pathPrefix,12
findFirst,11
RedisConfiguration,11
replicas,11
ByteBuffer,11
ExternalServiceCredentials,11
Serializing,11
getRedisConfiguration,11
NOT_FOUND,11
AuthorizationHeader,11
maxDeviceConfiguration,11
SystemMapper,11
getOperation,11
connectListener,11
getMapper,11
min,11
setFetchesMessages,11
sleep,11
getReadResource,11
hasContent,11
messageId,11
WebSocketClient,11
signingKey,11
getCapabilities,11
maxSizeInBytes,11
digest,11
HttpResponse,11
ok,11
AmbiguousIdentifier,11
email,11
failure,11
accountId,11
UNAUTHORIZED,11
Profile,11
substring,11
encodeBytesWithoutPadding,11
Curve,11
WebSocketEventConverter,11
values,11
rsaSigningKey,11
getPublicKey,11
GetOperation,11
Deserializing,11
getAccessKey,11
CircuitBreaker,11
DirectoryReconciliationResponse,11
AbusiveHostRules,11
HEX_DIGITS,11
ProvisioningAddress,11
Collections,11
fromString,11
leakRatePerMinute,11
activeUserTally,11
firstLength,10
INTERVALS,10
chunkSize,10
usernamesManager,10
serializableObject,10
remoteConfigsManager,10
MAX_LINE_LENGTH,10
principal,10
subcommand,10
backupServiceCredentialGenerator,10
getUnfinishedMessage,10
mergeUnknownFields,10
queueSize,10
init,10
stream,10
Result,10
getDecodabet,10
ORDERED,10
StandardCharsets,10
ProfileKeyCredentialResponse,10
ECPublicKey,10
WHITE_SPACE_ENC,10
JedisException,10
histogram,10
parameter,10
tally,10
getContext,10
outgoingMessage,10
users,10
WebSocketConnection,10
alwaysUseFieldBuilders,10
doFinal,10
twilioConfiguration,10
getHeadersList,10
transport,10
ClassNotFoundException,10
hasBody,10
GCMSender,10
ObjectStreamException,10
outBuffPosn,10
WebsocketRequestLog,10
RemoveOperation,10
ReceiptSender,10
DeviceCapabilities,10
publish,10
makeExtensionsImmutable,10
getParserForType,10
sbiCrop,10
parseUnknownField,10
subscription,10
ois,10
oos,10
Anonymous,10
BatchOperationHandle,10
OptionalAccess,10
serialVersionUID,10
MessageOrBuilder,10
reader,10
gv2,10
PolicySigner,10
parseLong,10
ProfileKeyCommitment,10
sandbox,10
getDevices,10
NAME,10
DateTimeFormatter,10
StringReplyHeader,10
isValidUtf8,10
remoteEndpoint,10
debug,10
onBuilt,10
convertDuration,10
URL_SAFE,10
provisioningEnvironment,10
DjbECPublicKey,10
decoded,10
clone,10
script,10
NumberFormatException,10
newUninitializedMessageException,10
Duration,10
ifPresent,10
RemoteConfigs,10
AbstractParser,10
remaining,10
readTag,10
Usernames,10
InvalidMessageException,10
LeakyBucket,10
noInit,10
authorizationHeader,10
User,10
cab,10
startsWith,10
descriptor,9
authenticate,9
getFetchesMessages,9
createFor,9
masterDevice,9
keyPair,9
writeValueAsString,9
ServerCertificateOrBuilder,9
getCount,9
subscribe,9
memcacheSet,9
CanonicalRequest,9
WebSocketMessageFactory,9
getRegion,9
baseUrl,9
convert,9
objectName,9
numbers,9
SingleFieldBuilder,9
PendingDevices,9
AccountAttributes,9
AbusiveHostRule,9
WebSocketRequestMessageOrBuilder,9
Environment,9
preKeys,9
platform,9
EnumLiteMap,9
preKey,9
canonicalRegistrationId,9
getCodeForNumber,9
todayInMillis,9
UnsupportedEncodingException,9
toUuid,9
addArgument,9
entry,9
iterator,9
getVerb,9
messagingServicesId,9
closed,9
missingDevices,9
MASTER_ID,9
Internal,9
help,9
profiles,9
line,9
builderForValue,9
wait,9
pubSubConnection,9
getAccount,9
testDevices,9
getUnidentifiedAccessKey,9
accountToken,9
setContent,9
BAD_REQUEST,9
listener,9
jsonGenerator,9
socket,9
extraDevices,9
getResponse,9
regions,9
registerRowMapper,9
finished,9
outputStream,9
getRegistrationId,9
redisSet,9
redisPool,9
ActiveUserTally,9
endpoint,9
getPrivateKey,9
generateFor,9
subscriptions,9
UserCapabilities,9
isUnrestrictedUnidentifiedAccess,9
getBucket,9
store,9
BasicCredentials,9
getMessages,9
desc,9
AbstractLiquibaseCommand,9
PreKeyResponseItem,9
ILoggingEvent,9
profilesManager,9
SmsSender,9
WebSocketResponseMessageOrBuilder,9
rawValue,9
getAccessSecret,9
WebSocketConnectListener,8
ProfileAvatarUploadAttributes,8
GroupCredential,8
element,8
TwilioSuccessResponse,8
decodedData,8
Runnable,8
uninstalledFeedback,8
getReplicaUrls,8
required,8
setMessage,8
nextBytes,8
wasAccountEnabled,8
getServerTimestamp,8
abusiveHostRules,8
stickers,8
FaultTolerantHttpClient,8
Configuration,8
USERNAME,8
AtomicBoolean,8
Iterator,8
usernameDerivation,8
lastTimestamp,8
RetryConfiguration,8
encLen,8
getUserMessageQueue,8
vacuum,8
retryConfiguration,8
gzis,8
getRegistrationLock,8
nio,8
ApnMessage,8
getRedisClientPool,8
getByUuidTimer,8
setGcmId,8
DIRECTORY_KEY,8
resourcePath,8
hasSignature,8
registerMetrics,8
secondLength,8
destinationName,8
limit,8
cipherKey,8
entrySet,8
packId,8
chunkIntervalMs,8
FileOutputStream,8
canonicalQuery,8
getSignedPreKey,8
voipApnId,8
location,8
PendingAccountsManager,8
getAllFrom,8
PEMReader,8
sender,8
list,8
StringBuilder,8
delivered,8
getChannel,8
infile,8
getSourceDevice,8
DeviceLimitExceededException,8
deprecatedPin,8
TwilioSmsSender,8
DECODE,8
createTimer,8
StringBuffer,8
Managed,8
rateUnit,8
shutdown,8
outfile,8
TwilioFailureResponse,8
padding,8
jsonParser,8
bundleId,8
getMessageTypes,8
encodedObject,8
getByteString,8
numBinaryBytes,8
macKey,8
gauge,8
Sender,8
vacuumTimer,8
AccountDatabaseCrawlerRestartException,8
b4Posn,8
apiKey,8
DO_BREAK_LINES,8
getAwsAttachmentsConfiguration,8
UsernamesManager,8
workerId,8
VERSION,8
GZIPOutputStream,8
getMasterDevice,8
sourceUuid,8
dataSource,8
decode4to3,8
getTimer,8
deleteTimer,8
deleteRegisteredUser,8
insertTimer,8
authenticator,8
removed,8
connectionId,8
RemoteConfigsManager,8
syslogAppender,8
amount,8
directoryManager,8
Entry,8
getPassword,8
hasCertificate,8
DESTINATION,8
DJB_TYPE,8
durationUnit,8
Double,8
sbiDecode,8
localDomain,8
InsertOperation,8
activeDatetime,8
databaseGet,8
encodeBytesToBytes,8
elements,8
accountAuthenticator,8
ResultSet,7
cdn,7
unchecked,7
internal_static_textsecure_SenderCertificate_descriptor,7
platforms,7
DispatchManager,7
ctx,7
writeFieldName,7
pushChallenge,7
getSignalingKey,7
Pipeline,7
ContextPrincipal,7
CircuitBreakerUtil,7
setPin,7
maxDevices,7
pendingRequestMapper,7
DeliveryStatus,7
hasSource,7
listeners,7
combine,7
println,7
incomingMessage,7
RetryConfig,7
failureResponse,7
UserRemoteConfig,7
zkProfileOperations,7
unsubscribe,7
sendAsync,7
TimeZone,7
urls,7
StatementContext,7
manifest,7
reservedUsernames,7
countries,7
singletonList,7
DirectoryReconciler,7
turnTokenGenerator,7
expiresDays,7
RedisOperation,7
enabled,7
setRegistrationLock,7
ContainerResponse,7
getUserMessageQueueIndex,7
PubSubConnection,7
datePattern,7
autoBlock,7
getRequestId,7
RetryingApnsClient,7
head,7
one,7
getSourceUuid,7
getAddress,7
sha256rsa,7
RowMapper,7
StoredRegistrationLock,7
payload,7
getRequest,7
containerRequest,7
recaptchaClient,7
WebSocketResourceProviderFactory,7
isVoip,7
HashSet,7
getEventPublisher,7
responseMessage,7
hasUuid,7
action,7
RECEIPT,7
setUuid,7
getLong,7
GroupCredentials,7
getLegacyMessage,7
SECONDS,7
Binder,7
getPin,7
PendingDevicesManager,7
URLEncoder,7
it2,7
it1,7
challengeData,7
DirectoryController,7
AuthenticationResult,7
Subparser,7
NetworkSentGauge,7
ReservedUsernames,7
connectTimeout,7
setName,7
websocketSender,7
inactive,7
internal_static_textsecure_ServerCertificate_descriptor,7
getInt,7
addWarn,7
getObjectMapper,7
RecaptchaClient,7
getVoipApnId,7
pushCode,7
OutgoingMessageEntityList,7
syslog,7
hashedAuthenticationToken,7
getCacheConfiguration,7
missing,7
Histogram,7
AccountAuthenticator,7
JedisPool,7
AccountCreationResult,7
configToken,7
ArrayList,6
E,6
c,6
encodeObject,6
getContactToken,6
onDispatchSubscribed,6
root,6
NEW_LINE,6
messageBuilder,6
accountJdbi,6
GZIP,6
onCrawlEnd,6
two,6
internal_static_textsecure_ProvisioningUuid_descriptor,6
internal_static_textsecure_WebSocketRequestMessage_descriptor,6
getClient,6
manage,6
signalingKeyBytes,6
encodedData,6
provide,6
descriptorData,6
authToken,6
userAuthenticationTokenSharedSecret,6
ident,6
assigner,6
retrieved,6
decodeHex,6
remainderBytes,6
unencodedLength,6
nextInt,6
isSyncMessage,6
hasLegacyMessage,6
hasSourceUuid,6
CompletionException,6
internal_static_textsecure_Envelope_descriptor,6
streamClass,6
ZoneOffset,6
separated,6
layout,6
JsonMetricsReporter,6
decodeToObject,6
VALUES,6
RuntimeException,6
AccountDatabaseCrawler,6
exception,6
addRegisteredUser,6
MESSAGE,6
redisPubSubConnectionFactory,6
LeakyBucketEntity,6
UTC,6
NA,6
tokens,6
storedMessageInfo,6
DirectoryReconciliationClient,6
getVersion,6
lifecycle,6
hasServerGuid,6
next,6
setApnId,6
s3client,6
nowDays,6
onDispatchMessage,6
writeStartObject,6
topic,6
MessageController,6
getHeadersCount,6
b3,6
clientContact,6
Version,6
memcacheGet,6
obj,6
getDestinationDeviceId,6
sendLocalName,6
DecoderException,6
ExtensionRegistry,6
platformIncrements,6
getProfile,6
loader,6
isEqual,6
getCause,6
finalOut,6
ObjectOutputStream,6
Bootstrap,6
PrivateKey,6
connection,6
internal_static_textsecure_WebSocketMessage_descriptor,6
EnumValueDescriptor,6
supportedLocales,6
twilioSender,6
InternalDescriptorAssigner,6
DONT_GUNZIP,6
getUserAuthenticationTokenSharedSecret,6
combined,6
smsSender,6
webSocketSender,6
PENDING_NOTIFICATIONS_KEY,6
theBytes,6
setSignature,6
GZIPInputStream,6
jdbiFactory,6
SortedMap,6
flushBase64,6
rateLimiter,6
PubSubAddress,6
onWebSocketClose,6
AWS_DATE_TIME,6
directoryServerConfiguration,6
ObjectInputStream,6
CertificateOrBuilder,6
basicCredentials,6
facility,6
replace,6
DjbECPrivateKey,6
EnumDescriptor,6
maxDeviceLimit,6
dataSize,6
internal_static_textsecure_ServerCertificate_Certificate_descriptor,6
maxSizeBytes,6
lineOffset,6
getAccountsDatabaseConfiguration,6
ActiveUserCounter,6
getUserMessageQueueMetadata,6
WebSocketConfiguration,6
Retry,6
successResponse,6
dataToEncode,6
deadLetterChannel,6
internal_static_textsecure_PubSubMessage_descriptor,6
ECKeyPair,6
ioe,6
timeZone,6
memcacheDelete,6
onCrawlChunk,6
MessagePersister,6
userMessageQueue,6
fallbackManager,6
getServerGuid,6
existingRegistrationLock,6
onDispatchUnsubscribed,6
countryIncrements,6
ProtobufWebSocketMessage,6
failureRateThreshold,6
internal_static_textsecure_WebSocketResponseMessage_descriptor,6
readObject,6
getGcpAttachmentsConfiguration,6
getHeadersBytes,6
remoteConfig,6
internal_static_textsecure_SenderCertificate_Certificate_descriptor,6
CoreConstants,6
TurnTokenGenerator,6
ProfilesManager,6
sentAndReceived,6
DeviceInfo,6
hasNext,6
insertOperation,6
Supplier,6
WebSocketEventListener,6
headerParts,6
WebSocketAuthenticator,6
AccountDatabaseCrawlerCache,6
contexts,6
writeEndObject,6
internalValueMap,6
setCertificate,6
paddingBytes,6
setBody,6
queue,6
sanitize,6
getAll,6
UNIDENTIFIED,6
TurnToken,5
ProfileController,5
configAuthTokens,5
WebsocketPrincipalClassProvider,5
sendRequest,5
FAIL_ON_UNKNOWN_PROPERTIES,5
DeliveryCertificate,5
getQueues,5
DirectoryServerConfiguration,5
concatenatedValues,5
Executor,5
voipRegistrationId,5
getDomain,5
forEach,5
cachingDateFormatter,5
items,5
ClientContacts,5
getRequestLog,5
setInitParameter,5
ofSeconds,5
uuids,5
delayTime,5
three,5
currentDevices,5
truncate,5
clientPool,5
attachmentBytes,5
getCanonicalRegistrationId,5
CertificateException,5
getVerbBytes,5
CloseableLiquibase,5
Session,5
storageCapable,5
getSenderUuidBytes,5
getServerGuidBytes,5
hasPath,5
getCountryCode,5
ofPattern,5
unregisteredEventStale,5
captchaToken,5
numberAndDevice,5
webSocketClient,5
getHost,5
setTimestamp,5
CIPHER_KEY_SIZE,5
NetworkReceivedGauge,5
character,5
addListener,5
redirect,5
AVATAR,5
AttachmentControllerV1,5
onWebSocketConnect,5
sourceDevice,5
attempts,5
setLastSeen,5
Arguments,5
serverZkAuthOperations,5
isValid,5
getContacts,5
hasResponse,5
Liquibase,5
contains,5
sqsConfig,5
getDeliveryCertificate,5
notifyAll,5
JsonParser,5
serverTimestamp,5
anyMatch,5
MetricFilter,5
byteArrayToLong,5
delayMinutes,5
breaker,5
websocketEvent,5
getCommitment,5
another,5
UserRemoteConfigList,5
setSignalingKey,5
avatarDigest,5
currentAvatar,5
FIELD,5
DeadLetterHandler,5
bytesReceived,5
storageServiceCredentialGenerator,5
containsKey,5
getPathBytes,5
hmac,5
responseBody,5
delayTimeUnit,5
setIdentityKey,5
hasRequest,5
counter,5
getCode,5
MILLISECONDS,5
verb,5
signedUploadLocation,5
getAbuseDatabaseConfiguration,5
ProvisioningConnection,5
getRejectionReason,5
PreKeyResponse,5
getPreKeys,5
accountDbConfig,5
subcommands,5
v1,5
v2,5
unidentifiedAccess,5
redisUuidGetTimer,5
messageDbConfig,5
UUIDS,5
metricKey,5
IOExceptionMapper,5
captchaRequired,5
readFully,5
send,5
getUser,5
DESTINATION_DEVICE,5
randomUUID,5
StickerPackFormUploadAttributes,5
getUsernameMapKey,5
getStringLength,5
foundCr,5
signalSender,5
CertificateGenerator,5
awsAccessId,5
KeyStore,5
KeysController,5
SendMessageResponse,5
replicationUrl,5
DeviceResponse,5
TIMESTAMP,5
jerseyHandler,5
hasServerTimestamp,5
DeserializationContext,5
DELIVER,5
convertRate,5
SimpleApnsPushNotification,5
addAll,5
versionedProfile,5
metricsFactory,5
formData,5
backupCredentials,5
RESULT_SET_CHUNK_SIZE,5
InterruptedException,5
deserialize,5
recaptchaSecret,5
KeepAliveController,5
AccountCleaner,5
queueUrl,5
SerializerProvider,5
setSourceDevice,5
dispatchMessage,5
getSourceBytes,5
redemptionTime,5
writeString,5
clients,5
apnRegistrationId,5
TALLY_KEY,5
BufferedInputStream,5
master,5
toCharArray,5
hasMessage,5
GcmResponseEntity,5
semaphore,5
getSentReceived,5
sleepInterval,5
reconciliationClient,5
MismatchedDevicesException,5
prefix,5
getUuidBytes,5
currentProfile,5
credentialParts,5
replyType,5
Executors,5
getUuidMapKey,5
RateLimitsConfiguration,5
getSimpleName,5
sendChunk,5
destinationAccount,5
clientType,5
abs,5
AuthenticationException,5
userIdKey,5
messageAttributes,5
setVoipApnId,5
AttachmentUri,5
ServerFailedException,5
getMessageStoreConfiguration,5
NameableMigrationsBundle,5
onCrawlStart,5
getAuthenticated,5
DeserializationFeature,5
getSenderBytes,5
TwilioConfiguration,5
getSourceUuidBytes,5
getItems,5
JsonSerializer,5
AttachmentDescriptorV1,5
storeScript,5
AttachmentDescriptorV3,5
AttachmentDescriptorV2,5
matcher,5
serverCertificate,5
WebSocketSecurityContext,5
more,5
PERCENTAGE,5
hasSourceDevice,5
percentage,5
credentialScope,5
poolConfig,5
accountManager,5
hasStatus,5
pushType,5
addCommand,5
timeRemaining,5
getMessageCacheConfiguration,5
sign,5
StaleDevicesException,5
getMessageBytes,5
sqs,5
requestMap,5
generate,5
PreKeyCount,5
getRelayBytes,5
certificateGenerator,5
JsonDeserializer,5
awsAccessSecret,5
getValueAsString,5
hasVerb,5
blocked,5
MAX_DEVICES,5
cancel,4
hasExpires,4
getAttachmentLimiter,4
apnMessage,4
messageJdbi,4
connect,4
JsonAutoDetect,4
messageTime,4
RECEIPT_VALUE,4
len2,4
batchOperation,4
LineSeparatorConverter,4
RedisHealthCheck,4
ThreadPoolExecutor,4
internal_static_textsecure_PubSubMessage_fieldAccessorTable,4
reportLimits,4
getSenderDevice,4
hasTimestamp,4
removeByGuidTimer,4
platformFeedbackMeters,4
RateLimitExceededExceptionMapper,4
sendReceipt,4
toLowerCase,4
_ORDERED_DECODABET,4
abuseDatabase,4
responseEntity,4
stats,4
platformTallies,4
webSocketMessage,4
ApnRegistrationId,4
BaseAccountAuthenticator,4
getPushScheduler,4
hasKey,4
DirectoryFeedbackRequest,4
setLastUuid,4
QUERY_DB,4
accountDatabaseCrawler,4
clientDeprecatedPin,4
authenticationResult,4
pair,4
parseInt,4
threeBytes,4
redis,4
log,4
addInfo,4
lastReceived,4
setCapabilities,4
ServerZkAuthOperations,4
needsSync,4
setAuthenticationCredentials,4
deliveryStatus,4
uid,4
setAuthenticator,4
secondsElapsed,4
dataToDecode,4
expiration,4
messageDatabase,4
truncatedMac,4
writeUInt64,4
ByteArraySerializer,4
getPushTimestamp,4
CanonicalRequestSigner,4
getCodeForNumberTimer,4
toCircuitBreakerConfig,4
updateAccount,4
stickerPolicy,4
addAllHeaders,4
responseList,4
uue,4
BlockingThreadPoolExecutor,4
hasRequestId,4
GcmRequestEntity,4
objBytes,4
dispatchChannel,4
getDataSourceFactory,4
getPubsubCacheConfiguration,4
layoutFactory,4
getKeyId,4
NUMBER,4
MessageResponse,4
AttachmentControllerV2,4
AttachmentControllerV3,4
decodeFromFile,4
getProfileName,4
hasSenderDevice,4
isUuidAddressingSupported,4
PendingClientContact,4
DeviceInfoList,4
RedisInputStream,4
ServerZkProfileOperations,4
secret,4
bodyHandler,4
ArrayReplyHeader,4
DATA,4
VacuumCommand,4
command,4
setRegistrationId,4
CreateProfileRequest,4
credentialRequest,4
targetSize,4
endRedemptionTime,4
IntReply,4
REQUEST_MESSAGE,4
SqsConfiguration,4
cipher,4
countryTallies,4
keyBytes,4
URL,4
getIdentifier,4
isSuccess,4
hasIdentityKey,4
internal_static_textsecure_WebSocketMessage_fieldAccessorTable,4
MessageAttributeValue,4
StaleDevices,4
CanonicalRequestGenerator,4
numberAndId,4
keySet,4
existingAccount,4
RedisPubSubConnectionFactory,4
deliverVoxVerification,4
DisabledPermittedAccountAuthenticator,4
resourcePathBuilder,4
credentialsProvider,4
levelFilterFactory,4
ExceptionMapper,4
intervalName,4
BufferedOutputStream,4
SettableFuture,4
WebSocketSessionContextValueFactoryProvider,4
extraDeviceIds,4
redisSetTimer,4
_STANDARD_DECODABET,4
getUninstalledFeedbackTimestamp,4
getError,4
bb,4
MAX_VALUE,4
WebsocketRequestLoggerFactory,4
startRedemptionTime,4
_URL_SAFE_DECODABET,4
EQUALS_SIGN_ENC,4
four,4
WebsocketAuthValueFactoryProvider,4
getExpires,4
DeleteUserCommand,4
clientRegistrationLock,4
BodyHandlers,4
DeviceController,4
getAlphabet,4
IterablePair,4
dontGunzip,4
BEST,4
DeviceLimitExceededExceptionMapper,4
getHashedAuthenticationToken,4
SOURCE,4
rs,4
messagePersister,4
ofString,4
GcmRegistrationId,4
Redirect,4
randomInt,4
encodeFromFile,4
country,4
internal_static_textsecure_ServerCertificate_Certificate_fieldAccessorTable,4
GUID,4
internal_static_textsecure_ServerCertificate_fieldAccessorTable,4
_STANDARD_ALPHABET,4
updateTimer,4
readUInt32,4
readUInt64,4
thenApply,4
pushTimestamp,4
getHmac,4
factory,4
Signature,4
getMaxDevices,4
Serializable,4
DeprecatedPin,4
wrap,4
POST,4
manifestPolicy,4
IllegalStateException,4
UrlSigner,4
setRelay,4
keyStore,4
addError,4
len34,4
replicaUrls,4
hasSenderUuid,4
RESPONSE_MESSAGE,4
toResponse,4
PropertyAccessor,4
passwords,4
InvalidInputException,4
getByNumberTimer,4
AmazonS3,4
LAST_UUID_KEY,4
getSender,4
queuesToPersist,4
lastSent,4
ApplicationHandler,4
Curve25519,4
_ORDERED_ALPHABET,4
computeUInt32Size,4
RegistrationLock,4
GCM,4
internal_static_textsecure_WebSocketRequestMessage_fieldAccessorTable,4
getSalt,4
orElseThrow,4
hasSender,4
previousAvatar,4
mbean,4
EncryptedOutgoingMessage,4
legacyMessage,4
executeCompletionStage,4
getVerificationCode,4
internal_static_textsecure_SenderCertificate_Certificate_fieldAccessorTable,4
trim,4
getPushCode,4
TurnConfiguration,4
storeTimer,4
delimited,4
removeByIdTimer,4
ExecutorService,4
X509Certificate,4
PreKeyState,4
deserializationContext,4
keyRecord,4
isGroupsV2Supported,4
HTTP_2,4
fromBody,4
maxAttempts,4
Visibility,4
calculateSignature,4
hget,4
StickerController,4
CHALLENGE,4
AttachmentControllerBase,4
decodeWithoutPadding,4
operation,4
deliverSmsVerification,4
idx,4
jerseyRequest,4
generateKeyPair,4
getEnabledDeviceCount,4
TransactionIsolationLevel,4
setContext,4
FileInputStream,4
OperatingSystemMXBean,4
Pattern,4
accountLock,4
RemoteConfigController,4
hasRelay,4
processStoredMessages,4
CertificateController,4
Parameter,4
initialize,4
Socket,4
abuseRule,4
includeUuid,4
setVisibility,4
jettyResponse,4
getMaxSizeInBytes,4
setServerTimestamp,4
hasNumber,4
cachedConfigs,4
objectLength,4
UnmodifiableLazyStringList,4
clearDeviceTimer,4
thirdLength,4
addFilter,4
_URL_SAFE_ALPHABET,4
isFor,4
PushFeedbackProcessor,4
internal_static_textsecure_SenderCertificate_fieldAccessorTable,4
getUserMessageQueuePersistInProgress,4
writeUInt32,4
urlSigner,4
ringBufferSizeInClosedState,4
CompletionStage,4
getBucketName,4
hasRemaining,4
optionList,4
getPort,4
IncomingWebsocketMessage,4
setTimer,4
internal_static_textsecure_Envelope_fieldAccessorTable,4
constructEntityFromEnvelope,4
sha256,4
LockingRateLimiter,4
tokenTimestamp,4
RegistrationLockFailure,4
FEEDBACK_STATUSES,4
internal_static_textsecure_WebSocketResponseMessage_fieldAccessorTable,4
ClientContactTokens,4
InvalidWebsocketAddressExceptionMapper,4
plaintext,4
channelNameHeader,4
deviceName,4
getByUsernameTimer,4
KEEPALIVE_CHANNEL,4
sha,4
removeTimer,4
JdbiFactory,4
ringBufferSizeInHalfOpenState,4
computeUInt64Size,4
UnidentifiedAccessChecksum,4
hasSigner,4
successMeter,4
getSigner,4
ALL,4
SERIALIZABLE,4
resolveClass,4
mpep,4
serializerProvider,4
setSource,4
consumer,4
getRetry,4
retryCount,4
authenticationToken,4
APN,4
highestDevice,4
WebSocketResourceProvider,4
getSenderUuid,4
LazyStringList,4
current,4
getLocalizedDescription,4
ServerSecretParams,4
getSecret,4
setLegacyMessage,4
generateVerificationCode,4
responseBytes,4
internal_static_textsecure_ProvisioningUuid_fieldAccessorTable,4
StoredMessageInfo,4
ApnConfiguration,4
seconds,4
ExactlySize,4
MismatchedDevices,4
ByteArrayDeserializer,4
createResponse,4
GcmConfiguration,3
mediumToByteArray,3
zkSecretParams,3
a,3
ProtobufWebSocketRequestMessage,3
Layout,3
x,3
idString,3
VoiceVerificationController,3
messagesPersistedCount,3
computeMessageSize,3
internalBuildGeneratedFileFrom,3
byteArrayToInt,3
WebSocketSessionContainerRequestValueFactory,3
NetworkGauge,3
PushConfiguration,3
getBuilder,3
agoMs,3
getUsernameSet,3
ProvisioningConnectListener,3
getZkConfig,3
TYPE_FIELD_NUMBER,3
waitDurationInOpenStateInSeconds,3
CONNECTED,3
onSuccess,3
Random,3
DbStatusCommand,3
SENTINEL,3
Function,3
addTallyMaps,3
setSignedPreKey,3
reservations,3
AuthenticatedConnectListener,3
ParallelIterator,3
generateAttachmentId,3
equalsIgnoreCase,3
concurrent,3
turnLimiter,3
SecureBackupServiceConfiguration,3
getUserId,3
smsDestinationLimiter,3
Iterable,3
hset,3
addAppender,3
MINUTES,3
longToByteArray,3
elementCount,3
getAccountForEvent,3
makeCredentialScope,3
CircuitBreakerConfig,3
METHOD,3
getSecurityContext,3
permittedSizes,3
CONTENT,3
threads,3
Date,3
storedChallenge,3
addDevice,3
ZkConfig,3
hasChannel,3
masterBreaker,3
getContentLength,3
SOURCE_DEVICE,3
isReceipt,3
RemoteEndpoint,3
CLF_DATE_PATTERN,3
getVerifyDevice,3
attachmentControllerV2,3
attachmentControllerV1,3
attachmentControllerV3,3
setSigner,3
StandardContainerRequestValueFactory,3
load,3
custom,3
tallies,3
baseUri,3
servlets,3
userTime,3
pubSubClientFactory,3
readMessage,3
VoiceVerificationConfiguration,3
backupCredentialsGenerator,3
gcmRegistrationId,3
JerseyClientConfiguration,3
encodedProfileCredentialRequest,3
getCredential,3
setStatus,3
getVerifyLimiter,3
retryExecutor,3
UnidentifiedDeliveryConfiguration,3
UNKNOWN_VALUE,3
SecureStorageController,3
getFromUuid,3
getBoolean,3
isGv2,3
withStringValue,3
ResponseHandler,3
setUnrestrictedUnidentifiedAccess,3
setCreated,3
failureCount,3
getStickerPack,3
addSubcommand,3
DataSourceFactory,3
COMBINED_PATTERN,3
setSenderDevice,3
ciphertext,3
getAllocateDevice,3
LayoutFactory,3
disconnect,3
removeById,3
userMessageQueuePersistInProgress,3
TYPE,3
Conversions,3
verifyDeviceLimiter,3
internalGetValueMap,3
CertificateCommand,3
KeepaliveDispatchChannel,3
jerseyConfig,3
isAvatar,3
stickerPackLimiter,3
Client,3
ElementType,3
getTimeRemaining,3
regionsData,3
UnregisteredEvent,3
contactsLimiter,3
fromUserAndPassword,3
asyncAppenderFactory,3
executorService,3
serverSecretParams,3
DirectoryClientConfiguration,3
DELIVER_VALUE,3
ivBytes,3
gaugeValue,3
ProfileKeyCredentialResponseAdapter,3
syslogClass,3
setNumber,3
sendSynchronousMessage,3
contactsIpLimiter,3
SecureStorageServiceConfiguration,3
getSignerFieldBuilder,3
verifyLimiter,3
setRequest,3
AccountDatabaseCrawlerConfiguration,3
ListenableFuture,3
getTallyFromMap,3
isUuid,3
usernameSetLimiter,3
dryRun,3
getFilterChainDecision,3
dbConfig,3
requirement,3
SUBSCRIBE,3
getPattern,3
getValueDescriptor,3
TestDeviceConfiguration,3
getSmsVoicePrefix,3
getUsername,3
setSourceUuid,3
sendApnNotification,3
FreeMemoryGauge,3
MAC_KEY_SIZE,3
Cipher,3
voiceDestinationDailyLimiter,3
getRandom,3
getRemoteAddress,3
findValueByNumber,3
submit,3
getMessageOrBuilder,3
RecaptchaConfiguration,3
CdnConfiguration,3
futures,3
fai,3
Converter,3
getRequestHeader,3
replyHeader,3
pushToken,3
DeviceName,3
writeMetered,3
voxUri,3
IncomingMessageList,3
closeListeners,3
AcknowledgeWebsocketMessage,3
readEnum,3
canonicalRequestGenerator,3
decodePrivatePoint,3
setConnectListener,3
registerAllExtensions,3
getDirectoryClientConfiguration,3
hasMore,3
getWebSocketSender,3
sslContext,3
setProfileName,3
getElementCount,3
MessageCacheConfiguration,3
setUninstalledFeedbackTimestamp,3
errorCodes,3
CHUNK_SIZE,3
WebsocketEventLayout,3
getSmsVoiceIp,3
Snapshot,3
getRegions,3
getResponseFieldBuilder,3
SenderCertificateOrBuilder,3
getResponseOrBuilder,3
HOST,3
writeMessage,3
asyncRequest,3
messageContent,3
OptionalContainerRequestValueFactory,3
getAccountEntityKey,3
BodyPublishers,3
dispatchUnsubscription,3
targetDevice,3
stringLength,3
getLockName,3
assignDescriptors,3
getAccountMapKey,3
to,3
getContactQueries,3
ACTIVE_WORKER_KEY,3
COMMITMENT,3
SecureBackupController,3
RELAY,3
storeTrue,3
ProvisioningUuidOrBuilder,3
ID_FIELD_NUMBER,3
previous,3
metricsListener,3
smsUri,3
replicaPools,3
getSqsConfiguration,3
ACCELERATE_KEY,3
removeQueue,3
stickerKey,3
Stream,3
writeObject,3
NO_SUCH_USER,3
sent,3
fromNumber,3
getMacInstance,3
verificationCodeSpeech,3
getSmsDestination,3
requeueMessage,3
challenge,3
getEnumTypes,3
toRetryConfigBuilder,3
getParentForChildren,3
AsyncAppenderFactory,3
clearAccelerate,3
AWSStaticCredentialsProvider,3
bytesSent,3
directoryClient,3
setResponse,3
sendChunkErrorMeter,3
getPlatforms,3
PubSubMessageOrBuilder,3
securityContext,3
getContactIpQueries,3
Syslog4jAppender,3
getVersionedProfile,3
inTransaction,3
challenge_ts,3
Counter,3
VerifyResponse,3
provisioningAddress,3
getVoiceDestination,3
SyslogIF,3
setUserAgent,3
attachmentIdString,3
createAccount,3
setDefault,3
CRLF,3
waitDuration,3
DbMigrateCommand,3
packLocation,3
REQUEST,3
smsVoiceIpLimiter,3
getUserPrincipal,3
SyslogConfigIF,3
preparedBatch,3
sendQueuedNotification,3
createRequest,3
appendHexChar,3
AwsAttachmentsConfiguration,3
DirectoryConfiguration,3
loggingEvent,3
setExpires,3
clearId,3
PushNotificationResponse,3
getSignedUploadLocation,3
getSignerOrBuilder,3
getValues,3
processChunkTimer,3
deviceSelector,3
getTurnAllocations,3
isSuccessResponse,3
sessionContext,3
tail,3
verificationCodeDisplay,3
encodeHexString,3
AccountRowMapper,3
accountDeviceIds,3
toCompletableFuture,3
getRequestFieldBuilder,3
AWSCredentials,3
unidentifiedSenderAccessKey,3
setUnidentifiedAccessKey,3
ManagedDataSource,3
fromFullHeader,3
removeByGuid,3
getToken,3
theirCodeString,3
isAuthorized,3
profileController,3
writeEnum,3
isDelivered,3
isVoice,3
Charsets,3
sleepWhileRunning,3
shortToByteArray,3
provisioning,3
tallyValue,3
intervalTallies,3
KEEPALIVE,3
increments,3
AccountCount,3
messageDeviceIds,3
secureRandom,3
jerseyApplicationHandler,3
ProvisioningController,3
LoggerContext,3
lastUuid,3
StoredVerificationCodeRowMapper,3
validator,3
SERVER_TIMESTAMP,3
getFiveMinuteRate,3
setPattern,3
usernameLookupLimiter,3
completeExceptionally,3
UNACCELERATED_REGIONS,3
getMethod,3
ApnsClientBuilder,3
getProfileLimiter,3
byteArrayToShort,3
sendGcmNotification,3
fourthLength,3
removeBySender,3
getAccountDatabaseCrawlerConfiguration,3
getVerifyNumber,3
queueMessage,3
SPACE_CHAR,3
getAuthenticationCredentials,3
RemoteConfigConfiguration,3
autoBlockLimiter,3
deviceIdSelector,3
testDeviceConfiguration,3
HttpMethod,3
aai,3
getReason,3
WebSocketAccountAuthenticator,3
accelerated,3
CpuUsageGauge,3
getMessagesLimiter,3
getMessagesForDevice,3
currentDaysSinceEpoch,3
threadCount,3
GENERIC_FAILURE,3
COMMAND_NAME_ATTR,3
toIntExact,3
eventObject,3
directoryServiceTokenGenerator,3
boas,3
getUsernameLookup,3
PARAMETER,3
getHashedValue,3
manifestKey,3
countryCode,3
getTimeZone,3
getVoiceDestinationDaily,3
messageBody,3
intToByteArray,3
isClean,3
replicaURI,3
sendProvisioningMessage,3
mergeVarintField,3
Dynamic,3
dump,3
updateDirectory,3
getVerifyPin,3
FormDataBodyPublisher,3
userMessageQueueMetadata,3
ProtocolMessageEnum,3
decodeToken,3
computeEnumSize,3
Protocol,3
OutputStreamWriter,3
ProtobufWebSocketResponseMessage,3
ProfileKeyCommitmentAdapter,3
profileLimiter,3
parameters,3
description,3
getResponseMessage,3
getDestinationRegistrationId,3
preKeysLimiter,3
getPreSignedUrl,3
isVideo,3
generateAvatarUploadForm,3
pinLimiter,3
subscribed,3
item,3
VoipRatioGauge,3
DeviceLimitExceededDetails,3
getIndex,3
setAccountRegistrationLockFromAttributes,3
getRequestMessage,3
CachingDateFormatter,3
interfaceStats,3
addBundle,3
exceptionally,3
remoteConfigController,3
getRawType,3
toStringCondensed,3
getCountries,3
accountUpdateCount,3
authenticatedDevice,3
slaveBreaker,3
withDataType,3
setAvatar,3
lastUuidString,3
attachmentLimiter,3
redisURI,3
SOURCE_UUID,3
RUNTIME,3
allocateDeviceLimiter,3
setKey,3
getPinLimiter,3
GcpAttachmentsConfiguration,3
generateAvatarObjectName,3
messagesLimiter,3
PooledDataSourceFactory,3
join,3
reduce,3
params,3
messageController,3
removeDevice,3
getMessageId,3
getVoiceVerificationConfiguration,3
deleteAll,3
NOTIFICATION,3
getRequestOrBuilder,3
UNSUBSCRIBE,3
getContactsLimiter,3
getAutoBlock,3
isValidNumber,3
getPercentage,3
thenAccept,3
sleepIntervalMs,3
InputStreamReader,3
getStatusCode,3
ZkParamsCommand,3
parseMessage,3
RESPONSE,3
BasicAWSCredentials,3
canonicalRequestSigner,3
sum,3
UnknownHostException,3
WebSocketMessageOrBuilder,3
trustStore,3
param,3
EnvelopeOrBuilder,3
clearType,3
voiceDestinationLimiter,3
getUuids,3
smsVoicePrefixLimiter,3
MaxDeviceConfiguration,3
outstandingRequest,3
NameableDbCommand,3
getAttachments,3
getGcmRegistrationId,3
TransientPushFailureException,3
NAConverter,3
FileDescriptorGauge,3
tallyMap,3
readSubscriptionReply,3
EnsureLineSeparation,2
readSubscribeReply,2
printStackTrace,2
writeSnapshot,2
messagesClientFactory,2
requestEntity,2
turn,2
senderId,2
directoryCredentialsGenerator,2
resubscribeAll,2
setTimeZone,2
truncated,2
l,2
p,2
stringToSign,2
getCountTimer,2
theirCode,2
writeTimedSnapshot,2
testKeyIsValidForSigning,2
newOnly,2
intersection,2
getNestedTypes,2
UNIDENTIFIED_SENDER,2
lowValue,2
getMaxAttempts,2
directoryReconciliationClient,2
getQueuesToPersist,2
getApnRegistrationId,2
getPushConfiguration,2
addHeadersBytes,2
nextLong,2
withConnectTimeout,2
HEADER_PREFIX,2
wantsAvatar,2
KeyRecordRowMapper,2
initSign,2
DEFAULT_TIMEOUT,2
authenticationFailedMeter,2
pushCertificate,2
hash,2
handleGenericError,2
PLATFORM_IOS,2
stringHistogramSortedMap,2
unaccelerated,2
retryableCompletionStage,2
pushSchedulerClient,2
BufferedReader,2
maxTimeMillis,2
COUNTRY_CODE_PATTERN,2
apnCertificate,2
APN_NOTIFICATION_PAYLOAD,2
runCaCommand,2
getCreated,2
clearBody,2
cacheMissByNameMeter,2
Semaphore,2
stickerSignature,2
Unwrap,2
durationTimer,2
getValidator,2
getTestDevices,2
pushSchedulerClientFactory,2
getRingBufferSizeInClosedState,2
cse,2
timeoutMs,2
isExpired,2
senderKey,2
verifyNumber,2
incrementMap,2
deleteObject,2
clearContent,2
mergeRequest,2
fromUserMessageQueue,2
clientErrorMeter,2
addServlet,2
prepareForDeferredProcessing,2
authenticationSucceededMeter,2
getMin,2
compile,2
captcha,2
getList,2
getPolicy,2
netty,2
manifestSignature,2
messageHeader,2
generatePackId,2
equal,2
FALSE,2
updateLastSeen,2
clearSignature,2
sendBytesByFuture,2
endTimeMs,2
SendMessageRequest,2
databaseCreate,2
isRateLimited,2
databasePut,2
cacheHitByNameMeter,2
serverPublic,2
getDate,2
getData,2
getStaleDevices,2
proc,2
currentTimeSeconds,2
WebSocketSession,2
klass,2
ProcessingException,2
TimeoutException,2
accountDatabaseCrawlerCache,2
SMS_IOS_VERIFICATION_TEXT,2
getMax,2
pendingAccountsManager,2
invalidAuthHeaderMeter,2
failureMeter,2
isOnline,2
loadTimer,2
getRequestHeaderMap,2
uee,2
reportGauge,2
redisUsernameGetTimer,2
makeStringToSign,2
zkConfig,2
setLayout,2
getWaitDurationInOpenStateInSeconds,2
SUBSCRIBE_TYPE,2
BLOCKED,2
retrievedUuid,2
isCached,2
clearAccountTimer,2
GZIP_MAGIC,2
AtomicReference,2
AbstractValueParamProvider,2
isInBucket,2
decodeFileToFile,2
getAllFromOffsetTimer,2
bytesTransmitted,2
allocateDevice,2
ScheduledExecutorService,2
ProtobufWebSocketMessageFactory,2
abuseJdbi,2
ExecutorUtils,2
newLineConverter,2
encodeHex,2
isStorage,2
PREKEY_BUNDLE,2
LevelFilterFactory,2
schedule,2
ServletRegistration,2
unpermittedMeter,2
supplier,2
lock,2
cacheHitByGuidMeter,2
RESPONSE_VALUE,2
doPeriodicWork,2
pushScheduler,2
DEFAULT_CONVERTERS,2
interval,2
ACCELERATED_CHUNK_INTERVAL,2
server,2
hasPushToken,2
updateDirectoryCache,2
subject,2
AuthFilter,2
AbusiveHostRuleRowMapper,2
isFailure,2
replicaUrl,2
lists,2
getEmail,2
millis,2
getUpdatedSpaceRemaining,2
newUserMeter,2
setPath,2
sendApnMessage,2
ofByteArray,2
SecurityContext,2
readUnsubscribeReply,2
CLOSE,2
SSLTCPNetSyslogConfig,2
ttlMs,2
cacheMissByIdMeter,2
authorizedTokens,2
getHeaderMap,2
pendingNotification,2
addHeaders,2
isInvalidRegistrationId,2
disabledPermittedAccountAuthenticator,2
CLF_PATTERN,2
AuthenticationFailedException,2
setBucket,2
incrementTallies,2
getCurrentDevices,2
apply,2
initializeCertificate,2
getSmsVoiceIpLimiter,2
LiquibaseException,2
reporterFactory,2
NONE,2
getAccountToken,2
getSecureStorageServiceConfiguration,2
voxMeter,2
resumeEncoding,2
markOutboundMeter,2
computeBytesSizeNoTag,2
setPubSubManager,2
FilterReply,2
getAuthorizedTokens,2
unmodifiableList,2
messageStore,2
getMean,2
getVoiceDestinationLimiter,2
MISSING,2
Source,2
recaptcha,2
stickerPack,2
notified,2
voiceDestinationDaily,2
getTwilioConfiguration,2
Future,2
maxTime,2
forRegistry,2
priceMeter,2
apnKey,2
withRegion,2
sendErrorResponse,2
BooleanOperation,2
REGIONS,2
awsAttachments,2
CR,2
handleResponse,2
notes,2
replicaIndex,2
DropwizardApnsClientMetricsListener,2
smsVoicePrefix,2
Appender,2
zkAuthOperations,2
RatioGauge,2
uris,2
verifyPin,2
unauthenticatedDurationTimer,2
startBatchOperation,2
serverPublicParams,2
getLocales,2
lines,2
onError,2
getResults,2
readMessageReply,2
LAST_NUMBER_TTL_MS,2
release,2
getMessageContent,2
initializeKeyStore,2
getMissingDevices,2
getMacKey,2
InvalidDestinationException,2
existingBackupCredentials,2
ceil,2
webSocketServlet,2
WebsocketEventLayoutFactory,2
firstValue,2
getCanonicalQuery,2
releaseLock,2
getAlgorithm,2
Strings,2
signalKey,2
locales,2
LF,2
encodeToFile,2
getReplicationPassword,2
createChunkRequest,2
compareTo,2
isReserved,2
newInstance,2
nfe,2
isAutoBlock,2
Singleton,2
CLF_PATTERN_NAME_2,2
messageString,2
getExpirationTime,2
withDestination,2
OK,2
setServerGuid,2
MAC_SIZE,2
initializePrivateKey,2
rateLimitedHostMeter,2
stickerController,2
InvalidRequestException,2
blockedHostMeter,2
ignoredErrorMeter,2
ServletUpgradeRequest,2
getRecaptchaConfiguration,2
reportHistogram,2
recovered,2
MetricsFactory,2
outgoingMessageEntity,2
DURATION,2
getCredentialScope,2
setAuthenticated,2
prefixLength,2
hdel,2
noSuchAccountMeter,2
US,2
abuseRules,2
StatusCodeConverter,2
RequestUrlConverter,2
setVerb,2
profileCdnPolicyGenerator,2
contactQueries,2
getWebSocketConfiguration,2
stringMeterSortedMap,2
PLAY_TWIML,2
shouldAutoBlock,2
getNumberPrefix,2
voiceVerification,2
getRemoteHost,2
smsVoiceIp,2
keepaliveDispatchChannel,2
CONNECTED_VALUE,2
getUris,2
destinationRegistrationId,2
notification,2
Unwrapping,2
withName,2
smsDestination,2
pubsub,2
isRequired,2
isStarted,2
activeUserCounter,2
validToken,2
Entity,2
ApnsClient,2
websocketOnlineMeter,2
SIMPLE_UTC_DATE,2
getUserAuthenticationTokenUserIdSecret,2
setProfile,2
getStringHeaders,2
disabledPermittedAccountAuthFilter,2
newFixedThreadBoundedQueueExecutor,2
freshUser,2
KeepaliveSender,2
evaluateGauge,2
getNextDeviceId,2
encodeFileToFile,2
newFilter,2
getArray,2
getQueuesTimer,2
JedisPoolConfig,2
getNumbers,2
countryIncrement,2
convertDurationsTo,2
appendDumpLine,2
getVerificationCodeDisplay,2
removePendingMessage,2
EOL,2
getProtocol,2
Command,2
management,2
LinkedBlockingQueue,2
calculateAgreement,2
initializeRsaSigningKey,2
DateConverter,2
ip,2
getDestinationAccount,2
getEncodedLengthWithoutPadding,2
notifyClients,2
Application,2
androidFeedbackMeters,2
databaseDelete,2
isStorageSupported,2
setBlockedHost,2
getExpiresDays,2
unknownFeedbackMeters,2
retryConfig,2
startTimeMs,2
sendMessageRequest,2
unidentifiedMeter,2
websocketRequeueMeter,2
ourTime,2
PatternLayoutBase,2
on,2
redisClient,2
OutgoingMessageEntityRowMapper,2
SMS_ANDROID_NG_VERIFICATION_TEXT,2
queryTimer,2
hasCanonicalRegistrationId,2
RequestHeaderConverter,2
AtomicInteger,2
constructUrlForLocale,2
persistDelayMinutes,2
withCircuitBreaker,2
twilioSmsSender,2
tz,2
profileAvatarUploadAttributes,2
ConfiguredCommand,2
contactsHistogram,2
AsyncWebsocketEventAppenderFactory,2
apnOfflineMeter,2
highValue,2
setAsyncSupported,2
withRedirect,2
PLATFORM_ANDROID,2
get75thPercentile,2
unregistered,2
errorMeter,2
getReplicationUrl,2
stringGaugeSortedMap,2
APN_CHALLENGE_PAYLOAD,2
gcm,2
BasicCredentialAuthFilter,2
verifySignature,2
method,2
SIGNATURE_FIELD_NUMBER,2
push,2
WEB,2
serviceErrorMeter,2
gen,2
cacheHitByIdMeter,2
keysController,2
credentialDate,2
ClientBuilder,2
getMessageFactory,2
withHostname,2
apnOnlineMeter,2
resource,2
isCaptchaRequired,2
getServerSecret,2
Operation,2
needsFailureCredentials,2
ourSuffix,2
redisNumberGetTimer,2
getLocation,2
MAX_ACCOUNT_UPDATES_PER_CHUNK,2
newSingleThreadExecutor,2
getBundleId,2
getApiKey,2
hardDisconnectQuietly,2
voiceDestination,2
AsyncAppenderBase,2
registerExceptionMappers,2
deviceDisabledMeter,2
SUCCESS,2
pemCertificate,2
getPending,2
sendGcmMessage,2
evicted,2
stringTimerSortedMap,2
stickerCount,2
accountAuthFilter,2
sendDeliveryReceiptFor,2
getTurnLimiter,2
emptyList,2
deviceLastSeen,2
getVoipRegistrationId,2
exactlySize,2
ignoreUnknown,2
getChunkSize,2
getUsernameLookupLimiter,2
withToken,2
enabledRequired,2
storageService,2
ofMillis,2
isAnnotationPresent,2
getCircuitBreaker,2
withDataPart,2
toDays,2
configName,2
contactIpQueries,2
SerializableTransactionRunner,2
runCertificateCommand,2
replica,2
ContextAwareBase,2
setIdent,2
configPercentage,2
persistQueueTimer,2
smsSenderFactory,2
sendChunkTimer,2
ByteUtil,2
cause,2
notifyClosed,2
getAllFromTimer,2
toSeconds,2
getPathPrefix,2
FilterAttachableImpl,2
getAllTimer,2
CIPHERTEXT,2
hasSubscription,2
persistMessage,2
reportCounter,2
queueSizeHistogram,2
intervalTotal,2
unregisteredEventFresh,2
setAuthenticatedDevice,2
setSenderUuid,2
requestDate,2
accountDatabaseCrawlerListeners,2
limits,2
withZone,2
getStickerPackLimiter,2
getConfig,2
userAuthenticationTokenUserIdSecret,2
connectMessage,2
S3ClientOptions,2
implies,2
pemReader,2
findOnly,2
CONTENT_FIELD_NUMBER,2
usernameSet,2
getLocalKeys,2
reportTimer,2
RemoteConfigRowMapper,2
delayMs,2
notifyTimer,2
REQUEST_VALUE,2
getRemoteConfigConfiguration,2
authorized,2
uuidsInBucket,2
caCertificatePem,2
isNullOrEmpty,2
stringCounterSortedMap,2
requery,2
targetName,2
addMapping,2
handleUnregisteredUser,2
ManagementFactory,2
setHost,2
dispatchSubscription,2
withCredentials,2
setSender,2
Tuple,2
getActiveDatetime,2
clearServerGuid,2
timeAndProcessCrawlChunk,2
MESSAGE_TYPE,2
getSessionContext,2
WORKER_TTL_MS,2
masterPool,2
userTokenGenerator,2
messagesClient,2
tokenTime,2
clearCertificate,2
getPushKey,2
BODY_FIELD_NUMBER,2
get999thPercentile,2
WhisperServerService,2
identifiedMeter,2
UNKNOWN_MESSAGE,2
getSeparated,2
ValueParamProvider,2
processChunk,2
doLayout,2
unidentifiedDelivery,2
getRingBufferSizeInHalfOpenState,2
gcmMessage,2
getSeverityForEvent,2
gcmOnlineMeter,2
replaceAll,2
removeBySourceTimer,2
getMedian,2
validUntilSeconds,2
MultivaluedParameterExtractorProvider,2
verifyDevice,2
sendWebSocketMessage,2
setSyslogConfig,2
getDirectoryServerConfiguration,2
getDeviceName,2
isBlocked,2
condensed,2
HEADERS_FIELD_NUMBER,2
accountDisabledMeter,2
setFromUuid,2
getLimitsConfiguration,2
smsMeter,2
getTurnConfiguration,2
getSecureBackupServiceConfiguration,2
canonical,2
task,2
isUnregistered,2
HEX_DIGITS_START,2
permittedSize,2
getProfileCredential,2
NEVER,2
getStdDev,2
encodedContact,2
setException,2
makeCredential,2
setApnFallbackManager,2
UNSUBSCRIBE_COMMAND,2
claimActiveWork,2
queueCountHistogram,2
transparentDataIndex,2
AppenderAttachableImpl,2
convertRatesTo,2
websocketOfflineMeter,2
ourCode,2
BigInteger,2
lastActiveMs,2
responseFuture,2
expired,2
noneMatch,2
get98thPercentile,2
acquireLock,2
MultivaluedMap,2
reportMeter,2
theirValue,2
getAutoBlockLimiter,2
healthChecks,2
getCanonicalRequest,2
price,2
decorateSupplier,2
getContactsIpLimiter,2
getFailureRateThreshold,2
dateRegionServiceKey,2
dateRegionKey,2
getDevicetTimer,2
UNSUBSCRIBE_TYPE,2
setS3ClientOptions,2
getGcmConfiguration,2
needsExplicitRemoval,2
from,2
generateRequestId,2
withExecutor,2
CREDENTIAL_DATE,2
getIdleTimeoutMillis,2
metricName,2
destinationDeviceId,2
get95thPercentile,2
Joiner,2
getChunkIntervalMs,2
addStatus,2
objects,2
JsonInclude,2
generateAttachmentKey,2
RemoteHostConverter,2
score,2
accountCleaner,2
setSendLocalName,2
getPreKeysLimiter,2
withRetry,2
getAuthenticator,2
getLastUuid,2
PRODUCTION_URL,2
attachments,2
getAbusiveHostRulesFor,2
mergeResponse,2
pendingNotifications,2
signedCertificate,2
ParameterizedType,2
withPriority,2
provisioningOnlineMeter,2
setHeaders,2
validateCompleteDeviceList,2
handleCanonicalRegistrationId,2
principalClassProvider,2
filteredHostMeter,2
isAccelerated,2
getExtraDevices,2
cacheMissByGuidMeter,2
usernameLookup,2
ValidationException,2
retrievedUsername,2
SIMPLE_NAMES,2
ContentLengthConverter,2
oldUsername,2
AbstractBinder,2
noSuchDeviceMeter,2
registerCorsFilter,2
pushFeedbackProcessor,2
canonicalId,2
getSmsDestinationLimiter,2
getOperatingSystemMXBean,2
setFacility,2
FilterInputStream,2
forName,2
isSandboxEnabled,2
getPersistDelayMinutes,2
elapsedTime,2
directoryReconciler,2
validateRegistrationIds,2
modified,2
newSingleThreadScheduledExecutor,2
TYPE_ACKNOWLEDGE_MESSAGE,2
FRONTED_REGIONS,2
getDescription,2
dateKey,2
ClassLoader,2
getReplicationCaCertificate,2
isNew,2
pushKey,2
replyTypeHeader,2
prekeys,2
apn,2
withVersion,2
getVerifyDeviceLimiter,2
writeValueAsBytes,2
provisioningServlet,2
getQueueSize,2
CharBuffer,2
CLF_PATTERN_NAME,2
readChunk,2
getQueueUrl,2
messageCache,2
pipelined,2
ScheduledReporter,2
sync,2
GcmResponseListEntity,2
pemKey,2
requiresClientRegistrationLock,2
serverSecret,2
handleBadRegistration,2
requiresCaptcha,2
retryMeter,2
removeByNameTimer,2
buildAuthFilter,2
sendResponse,2
stopBatchOperation,2
outboundMeters,2
rateLimitedPrefixMeter,2
AppenderFactory,2
evalsha,2
matches,2
generatePushChallenge,2
cacheClientFactory,2
SIMPLE_UTC_DATE_TIME,2
JsonFactory,2
clearTimer,2
platformIncrement,2
directoryClientFactory,2
persistQueue,2
Ratio,2
ResourceConfig,2
ObjectStreamClass,2
getEncodedBytesForTarget,2
reservedFor,2
createValueProvider,2
Include,2
isMaster,2
replicationCaCertificate,2
getMessagingServicesId,2
dispatchSubscribe,2
dataSourceFactory,2
delimit,2
cdnS3Client,2
appenders,2
newAppender,2
get99thPercentile,2
releaseActiveWork,2
destinationDevices,2
getFinalTallies,2
deadLetterHandler,2
captchaFailureMeter,2
replicationPassword,2
decodeToFile,2
getCiphertext,2
webSocket,2
pubsubClient,2
BodyHandler,2
getPushCertificate,2
numbersMissingDevices,2
backupService,2
ExactlySizeValidator,2
isValidSignature,2
iosFeedbackMeters,2
ANNOTATION_TYPE,2
getCipherKey,2
cmdParser,2
getApnConfiguration,2
putLong,2
getMessageBody,2
getAcl,2
bound,2
gcmOfflineMeter,2
captchaSuccessMeter,2
handleRequest,2
FilterOutputStream,2
CERTIFICATE_FIELD_NUMBER,2
redisDelete,2
getVoiceDestinationDailyLimiter,2
getAuth,2
report,2
Locale,2
clearHeaders,2
suffix,2
provisioningOfflineMeter,2
COMBINED_PATTERN_NAME,2
profileCdnPolicySigner,2
GeneratePresignedUrlRequest,2
expiredAccountsMeter,2
UpgradeRequest,2
ANY,2
getResourcePath,2
initializeClient,2
getAttachmentUploadForm,2
QUERY_DB_VALUE,2
getWaitDuration,2
pendingDevicesManager,2
SMS_VERIFICATION_TEXT,2
databaseUpdate,2
gcpAttachments,2
isScheduled,2
setex,2
getChallengeData,2
getAllocateDeviceLimiter,2
twilio,2
ProvisioningMessage,2
getConnectListener,2
setPort,2
sun,2
readChunkTimer,2
ConcurrentHashMap,2
timeString,2
Validator,2
Authenticator,2
getSmsVoicePrefixLimiter,2
getUsernameSetLimiter,2
storedPushChallenge,2
getLocalDomain,2
getRsaSigningKey,2
isValidTime,2
SUBSCRIBE_COMMAND,2
Subject,2
openLiquibase,2
migration,2
turnAllocations,2
KEY_EXCHANGE,2
accountsDatabase,2
getFirstOption,2
storageCredentialsGenerator,2
mergeSigner,2
hasLocalSubscription,2
MAX_EXPIRATION,2
APPLICATION_JSON_TYPE,2
fromSerialized,2
AmazonS3Client,2
VersionedProfileMapper,2
theirSuffix,2
targetKeys,2
getSnapshot,2
ProfileKeyCredentialRequest,2
getAccountId,2
header2,1
setMaxWaitMillis,1
role,1
KEEPALIVE_VALUE,1
r,1
Comparable,1
sendForbidden,1
check,1
onCallNotPermitted,1
getMissing,1
getUsers,1
VerificationFailedException,1
setFeedback,1
PREKEY_BUNDLE_VALUE,1
CIPHERTEXT_VALUE,1
lowBitsToMedium,1
getSQLState,1
useTransaction,1
getSenderId,1
scriptLoad,1
getDeviceKeys,1
floor,1
getAttachmentIdString,1
getFifteenMinuteRate,1
setUsername,1
longTo4ByteArray,1
JsonMetricsReporterFactory,1
issueProfileKeyCredential,1
getPresentationHeaderPrefix,1
toURL,1
deleteUsername,1
CrossOriginFilter,1
ISO8601_PATTERN,1
GenericFutureListener,1
getReporters,1
getOptionList,1
getCredentials,1
setMessageBytes,1
setInactive,1
onWebSocketBinary,1
BaseReporterFactory,1
ctxt,1
prepareBatch,1
clearSigner,1
newTreeMap,1
PATH_FIELD_NUMBER,1
setClientCredentials,1
isStorageCapable,1
setAccountId,1
setOutputPatternAsHeader,1
getRatio,1
SOURCEUUID_FIELD_NUMBER,1
getEncodedContactToken,1
WebSocketServletFactory,1
getIdString,1
whoAmI,1
getAvatarUploadForm,1
getHostName,1
appendLoopOnAppenders,1
withMessageDeduplicationId,1
StringReader,1
encodeBase64URLSafeString,1
IDENTITYKEY_FIELD_NUMBER,1
getProvisioningKeepAlive,1
BouncyCastleProvider,1
toHours,1
SERVERGUID_FIELD_NUMBER,1
generateSecretBytes,1
isBlank,1
toRetryConfig,1
ValidationFailedException,1
NoSuchPaddingException,1
getPreKey,1
JedisDataException,1
ConstraintValidator,1
EXPIRES_FIELD_NUMBER,1
isSendLocalName,1
discarding,1
writeSuccess,1
getTypeParameter,1
setIdleTimeout,1
getCdn,1
getGuid,1
main,1
Void,1
AWSCredentialsProvider,1
FutureCallback,1
getPackId,1
EnvironmentCommand,1
KEY_FIELD_NUMBER,1
clearStatus,1
ConsoleAppenderFactory,1
setTransactionHandler,1
QUESTION_CHAR,1
ISO8601_STR,1
createWebSocket,1
writeNull,1
getReasonPhrase,1
setCapabiltities,1
AppenderBase,1
constraintContext,1
allMatch,1
WebSocketException,1
getAvatarDigest,1
clearIdentityKey,1
plusMinutes,1
setServerGuidBytes,1
setVideo,1
getCurrentTimeMillis,1
getOneMinuteRate,1
MESSAGE_FIELD_NUMBER,1
getMeanRate,1
healthy,1
Security,1
LoggingNetworkAppenderFactory,1
setWaitDurationInOpenStateInSeconds,1
Curve25519KeyPair,1
isThrottled,1
acquireUninterruptibly,1
sendError,1
KeyStoreException,1
getBackupCredentials,1
exists,1
setGcmRegistrationId,1
threshold,1
DynamicConverter,1
UTF8,1
lowBitsToInt,1
OptionHelper,1
Futures,1
URISyntaxException,1
setCreator,1
issueAuthCredential,1
getManifest,1
getContactIntersection,1
writeFailed,1
setReserved,1
encodeBase64String,1
getDefaultType,1
intToLittleEndianByteArray,1
onRetry,1
generatePresignedUrl,1
byteArrayToIntLittleEndian,1
validatedBy,1
getActualTypeArguments,1
DEFAULT_WAIT_DURATION,1
setMessagingServicesId,1
TYPE_PONG_MESSAGE,1
ImmutableMap,1
setSuccess,1
getJerseyClientConfiguration,1
RetentionPolicy,1
DeliveryPriority,1
Metric,1
deleteGcmRegistrationId,1
ExecutionException,1
onWebSocketText,1
err,1
getBinaryElement,1
clearSourceDevice,1
SyslogRuntimeException,1
postCompileProcessor,1
IntervalFunction,1
setPathStyleAccess,1
ISO_INSTANT,1
Consumer,1
followRedirects,1
REQUEST_FIELD_NUMBER,1
getPrivate,1
getMetrics,1
getQueue,1
WriteCallback,1
setMaxRetries,1
JdbiException,1
getStatusInfo,1
setFailure,1
getSignerBuilder,1
isPathPrefixValid,1
getResourceAsStream,1
HOURS,1
Filter,1
getAuthenticationScheme,1
readFixed64,1
JacksonMessageBodyProvider,1
removeSignalingKey,1
setKeys,1
setSourceUuidBytes,1
retryOnException,1
getStickers,1
isEquals,1
withTtl,1
LINE_SEPARATOR,1
AmazonServiceException,1
allocateAttachment,1
ClientConfig,1
Bundle,1
setSenderBytes,1
encodeFormParams,1
getKeepAlive,1
setNext,1
SERVER_TIMESTAMP_FIELD_NUMBER,1
verifyAccount,1
WebSocketCreator,1
clearRequest,1
newCachedThreadPool,1
printDescriptiveError,1
getFirst,1
isDirectory,1
Number,1
ConstraintValidatorContext,1
AmazonSQS,1
zscore,1
createGenerator,1
form,1
firstNonNull,1
SIGNER_FIELD_NUMBER,1
RELAY_FIELD_NUMBER,1
ASCII_TEXT_START,1
writeLoopOnConverters,1
ie,1
parseResponse,1
Payload,1
sendNotification,1
isAssignableFrom,1
setRingBufferSizeInClosedState,1
getSyslogClass,1
JsonEncoding,1
getBaseUri,1
withQueueUrl,1
getPublicParams,1
complete,1
setNumbers,1
withMessageGroupId,1
Metered,1
PolymorphicAuthValueFactoryProvider,1
ChronoUnit,1
clearResponse,1
removePin,1
findTail,1
Base16Lower,1
computeFixed64Size,1
getDurationUnit,1
setFailureRateThreshold,1
getDestination,1
clearSender,1
AbstractAppenderFactory,1
IMMEDIATE,1
intsToByteHighAndLow,1
Collectors,1
setPathBytes,1
getUserAgent,1
NANOSECONDS,1
zrangeWithScores,1
onWebSocketError,1
createSSLContext,1
prestartAllCoreThreads,1
NullLevelFilterFactory,1
longValue,1
setAccountAttributes,1
ConverterUtil,1
clearSourceUuid,1
getServerPublic,1
BodyPublisher,1
MapPropertiesDelegate,1
AutoCloseable,1
groups,1
NON_NULL,1
AmazonClientException,1
KEY_SIZE,1
awaitTermination,1
getFailure,1
standard,1
setMessageFactory,1
TimeProvider,1
forTime,1
executeRunnable,1
setRetry,1
getVerificationCodeSpeech,1
LEGACYMESSAGE_FIELD_NUMBER,1
setPublicKey,1
toArray,1
setCircuitBreaker,1
newClient,1
HttpAuthenticationFeature,1
DeferredProcessingAware,1
PreparedBatch,1
regexp,1
getMetricsFactory,1
isInactive,1
toList,1
preprocess,1
basic,1
getConfigurationClass,1
Auth,1
PostCompileProcessor,1
ClassCastException,1
getScore,1
setCertificateEntry,1
createDeviceToken,1
setVoice,1
failedFuture,1
serializers,1
encodeAsString,1
getNumbersMissingDevices,1
getSyslogConfig,1
ClassLoaderResourceAccessor,1
setMetricsListener,1
byteArray4ToLong,1
getToUuid,1
retryOnResult,1
setApnRegistrationId,1
getClassLoader,1
NOTES,1
setSourceBytes,1
operationComplete,1
FilterRegistration,1
SSLContext,1
setUuidBytes,1
setRelayBytes,1
getRateUnit,1
getDefaultConverterMap,1
intervalFunction,1
LevelToSyslogSeverity,1
toExternalForm,1
GET,1
getLoggerContext,1
WebSocketServlet,1
getAttachmentId,1
getAuthToken,1
group,1
DefaultNameStrategy,1
SENDERUUID_FIELD_NUMBER,1
process,1
VERB_FIELD_NUMBER,1
getSize,1
useCaCertificate,1
executeSupplier,1
getUrlEncoder,1
isPossibleNumber,1
toByteString,1
setAccelerateModeEnabled,1
clearPath,1
InetAddress,1
getUnidentifiedAccess,1
Matcher,1
setContentType,1
setLocalDomain,1
ContextAware,1
WebSocketListener,1
getSystemCpuLoad,1
SafeEncoder,1
SslConfigurator,1
print,1
deleteCharAt,1
MalformedURLException,1
ArrayBlockingQueue,1
getDevicesCount,1
redirectToAttachment,1
getSuccess,1
getRedemptionTime,1
InstantiationException,1
find,1
getFacility,1
SENDERDEVICE_FIELD_NUMBER,1
sendBytes,1
setEntityStream,1
onIgnoredError,1
CLOSE_VALUE,1
DENY,1
getCanonicalId,1
withCollapseKey,1
isAccepted,1
iae,1
getRemote,1
clearTimestamp,1
MultivaluedHashMap,1
getConnection,1
FileReader,1
setAccountToken,1
PUT,1
STATUS_FIELD_NUMBER,1
addSubparsers,1
ArithmeticException,1
writeFixed64,1
KeyPair,1
setApnsServer,1
setAdditive,1
setRingBufferSizeInHalfOpenState,1
setAvatarDigest,1
RESPONSE_FIELD_NUMBER,1
getFilter,1
CHECK_EMPTY,1
clearMessage,1
DEVELOPMENT_APNS_HOST,1
getFreePhysicalMemorySize,1
getTurnToken,1
addCallback,1
writeNumber,1
CONFLICT,1
clearRelay,1
array,1
TIMESTAMP_FIELD_NUMBER,1
subscriptionCount,1
JdbcConnection,1
JacksonJaxbJsonProvider,1
DispatcherType,1
clearSenderUuid,1
SignatureException,1
setSignedKey,1
post,1
DEFAULT_DATABASE,1
clearExpires,1
withMessageAttributes,1
deleteApnRegistrationId,1
MoreObjects,1
setVerbBytes,1
ENCRYPT_MODE,1
getProfileByUsername,1
processResponse,1
exit,1
isUserInRole,1
IllegalAccessException,1
getOrder,1
DropwizardResourceConfig,1
unhealthy,1
reportStatus,1
ofExponentialRandomBackoff,1
collect,1
getHeader,1
securityProtocol,1
clearLegacyMessage,1
GraphiteConfiguration,1
clearServerTimestamp,1
encodeToString,1
registerArrayType,1
getParameterMap,1
ServletUpgradeResponse,1
NON_DEFAULT,1
shortToLittleEndianByteArray,1
LEVEL_INFO,1
Generics,1
ReporterFactory,1
buildLayout,1
withMessageBody,1
setSenderUuidBytes,1
Maps,1
getMostSignificantBits,1
UnregisteredEventList,1
addProvider,1
clearSenderDevice,1
setTestOnBorrow,1
setExpiration,1
allOf,1
ServerPublicParams,1
byteArrayToMedium,1
cast,1
UNIDENTIFIED_SENDER_VALUE,1
waitDurationInOpenState,1
getLocalHost,1
getOutputStream,1
setUnauthenticatedDelivery,1
psetex,1
addMappingForUrlPatterns,1
BadPaddingException,1
highBitsToInt,1
getProperty,1
clearUuid,1
getAndIncrement,1
HealthCheck,1
getPreAuth,1
asSingleConnectionPool,1
isRetryableException,1
PRODUCTION_APNS_HOST,1
endsWith,1
APPLICATION_XML,1
onFailure,1
removeRegistrationLock,1
KEY_EXCHANGE_VALUE,1
getResponseBuilder,1
getIdent,1
SOURCE_FIELD_NUMBER,1
timeout,1
getTransparentDataIndex,1
getLayout,1
AbortPolicy,1
getInputStream,1
clearVerb,1
AmazonSQSClientBuilder,1
afterExecute,1
getSignedKey,1
verifyDeviceToken,1
getRequestHeaders,1
addParser,1
clearSource,1
withDelayWhileIdle,1
getPendingMessages,1
decodePoint,1
getTokenPresence,1
accept,1
DEFAULT_MAX_ATTEMPTS,1
context1,1
UUID_FIELD_NUMBER,1
applicationName,1
getLeastSignificantBits,1
SOURCEDEVICE_FIELD_NUMBER,1
getRequestBuilder,1
getIV,1
SENDER_FIELD_NUMBER,1
getLength,1
PolymorphicAuthDynamicFeature,1
TYPE_PING_MESSAGE,1
IllegalBlockSizeException,1
isSecure,1
highBitsToMedium,1
ImmutableSet,1
setNumbersMissingDevices,1
PhoneNumberUtil,1
setKeyId,1
clearKey,1
getStickersForm,1
EnumSet,1
getState,1